{"cameraMode":{"drawMode":0,"name":"Shaded","section":"Shading Mode"},"sceneLighting":true,"audioPlay":false,"sceneViewState":{"m_AlwaysRefresh":false,"showFog":true,"showSkybox":true,"showFlares":true,"showImageEffects":true,"showParticleSystems":true,"showVisualEffectGraphs":true,"m_FxEnabled":true},"in2DMode":false,"pivot":{"x":317.8464660644531,"y":69.47661590576172,"z":350.17669677734377},"rotation":{"x":0.17040736973285676,"y":-0.0635262057185173,"z":0.011002750135958195,"w":0.9832792282104492},"size":296.8548278808594,"orthographic":false}