{"cameraMode":{"drawMode":0,"name":"Shaded","section":"Shading Mode"},"sceneLighting":true,"audioPlay":false,"sceneViewState":{"m_AlwaysRefresh":false,"showFog":true,"showSkybox":true,"showFlares":true,"showImageEffects":true,"showParticleSystems":true,"showVisualEffectGraphs":true,"m_FxEnabled":true},"in2DMode":false,"pivot":{"x":-33.95246124267578,"y":-363.3438720703125,"z":932.3494873046875},"rotation":{"x":0.23320616781711579,"y":-0.040202002972364429,"z":0.009524748660624028,"w":0.9718704223632813},"size":612.1416625976563,"orthographic":false}