{"cameraMode":{"drawMode":0,"name":"Shaded","section":"Shading Mode"},"sceneLighting":true,"audioPlay":false,"sceneViewState":{"m_AlwaysRefresh":false,"showFog":true,"showSkybox":true,"showFlares":true,"showImageEffects":true,"showParticleSystems":true,"showVisualEffectGraphs":true,"m_FxEnabled":true},"in2DMode":false,"pivot":{"x":442.44134521484377,"y":267.31671142578127,"z":11.74676513671875},"rotation":{"x":-0.016494425013661386,"y":0.024291008710861207,"z":0.00040107782115228474,"w":0.9995726346969605},"size":483.1426696777344,"orthographic":false}