{"cameraMode":{"drawMode":0,"name":"Shaded","section":"Shading Mode"},"sceneLighting":false,"audioPlay":false,"sceneViewState":{"m_AlwaysRefresh":false,"showFog":true,"showSkybox":true,"showFlares":true,"showImageEffects":true,"showParticleSystems":true,"showVisualEffectGraphs":true,"m_FxEnabled":true},"in2DMode":false,"pivot":{"x":523.3128051757813,"y":220.60794067382813,"z":-430.3424987792969},"rotation":{"x":0.02999912016093731,"y":0.0002886827278416604,"z":0.0004279065178707242,"w":0.9996779561042786},"size":8.008332252502442,"orthographic":false}