{"cameraMode":{"drawMode":0,"name":"Shaded","section":"Shading Mode"},"sceneLighting":false,"audioPlay":false,"sceneViewState":{"m_AlwaysRefresh":false,"showFog":true,"showSkybox":true,"showFlares":true,"showImageEffects":true,"showParticleSystems":true,"showVisualEffectGraphs":true,"m_FxEnabled":true},"in2DMode":false,"pivot":{"x":121.4957046508789,"y":362.59979248046877,"z":357.93280029296877},"rotation":{"x":0.06675810366868973,"y":0.1449589729309082,"z":-0.009682489559054375,"w":0.9872500896453857},"size":309.4350280761719,"orthographic":false}